country,city,GSV,espg,name,year,week,latitude,longitude,counts_week,predicted,difference,,188240.62,,n,m,k_avg,edge_length_total,edge_length_avg,streets_per_node_avg,intersection_count,street_length_total,street_segment_count,street_length_avg,circuity_avg,3_way_int_count,4_way_int_count,median_speed,dist_to_greenspace,dist_to_bikePOI,dist_to_edu,dist_to_train,bike_points,bus_stops,restaurants,daily_shops,business_shops,traffic_signals,cycle_length,ndvi_mean,ndvi_std,dem_mean,dem_std,lst_mean,lst_std,pop_sum,lc_entropy,build_area,orientation_entropy
France,Paris,no,32631,18 quai de l'Hôtel de Ville,2022,38,48.82048,2.35873,13932,22619.922,-8687.922,75479988.68,204005.47,190073.47,41,67,3.268292683,6900.096,102.9865075,3.292682927,40,5965.734,56,106.5309643,1.028538854,26,14,30,57,5,0,63,17,13,19,6,10,13,2349.498275,0.25267669,0.177981339,59.35616438,4.453831749,20.67313695,0.376761655,2846.049072,0.707555504,0.052165019,3.258492677
France,Paris,no,32631,Face au 70 quai de Bercy,2022,35,48.829523,2.38699,19379,18783.643,595.357,354449.9574,210561.67,191182.67,43,57,2.651162791,6941.03,121.7724561,3.186046512,43,6491.07,55,118.0194545,1.016183553,35,8,30,62,44,0,52,6,4,0,0,0,10,1178.311744,0.074725644,0.23936077,35.83944954,7.042915868,20.44326082,1.986487852,1306.609131,0.741300069,0.03485132,2.979150952
France,Paris,no,32631,90 Rue De Sèvres,2022,35,48.84641,2.31524,21125,22395.451,-1270.451,1614045.743,183048.64,161923.64,40,66,3.3,5841.196,88.5029697,3.125,37,4662.594,53,87.9734717,1.062181024,23,11,30,0,0,0,0,15,5,9,2,6,7,899.3429673,0.187085831,0.151540902,44.53181818,3.633666613,21.38190474,0.466072899,3537.769287,0.772324194,0.080523631,2.872933712
France,Paris,no,32631,6 rue Julia Bartet,2022,35,48.82624,2.30281,24553,36503.145,-11950.145,142805965.5,190782.31,166229.31,56,90,3.214285714,10941.713,121.5745889,3.375,56,9468.001,76,124.5789605,1.006542262,40,11,30,0,1,51,55,22,11,3,2,0,22,991.5962142,0.296159456,0.156219539,65.90610329,3.908653014,21.23393944,0.757347158,3370.629395,0.790487497,0.029162745,2.69362396
France,Paris,no,32631,Face au 25 quai de l'Oise ,2022,35,48.89141,2.38482,26386,55646.58,-29260.58,856181541.9,202485.66,176099.66,34,50,2.941176471,5631.7,112.634,3.352941176,34,5032.258,47,107.0693191,1.027815398,24,9,30,0,0,0,0,9,2,13,1,1,0,2546.322769,0.183639184,0.180868244,56.05479452,3.271115086,19.56118454,1.004073095,3616.316895,0.751490778,0.060509535,2.934784036
France,Paris,no,32631,36 quai de Grenelle,2022,35,48.85174,2.28593,30543,25151.262,5391.738,29070838.66,200365.5,169822.5,38,71,3.736842105,6231.106,87.76205634,3.421052632,38,4781.963,56,85.39219643,1.009113641,26,8,30,28,0,9,53,14,2,10,1,1,8,524.1021609,0.229259399,0.218602705,35.61009174,6.256687357,19.60896959,1.473371111,2262.5625,0.857890339,0.081730348,2.610663751
France,Paris,no,32631,254 rue de Vaugirard,2022,35,48.83985,2.30202,33304,14701.171,18602.829,346065246.8,212397.48,179093.48,54,91,3.37037037,7782.442,85.52134066,3.222222222,53,6369.183,75,84.92244,1.001383704,37,15,30,0,15,58,0,28,7,29,3,33,10,544.8045775,0.166522423,0.160633035,51.45205479,3.491834294,21.50326413,0.271066284,2870.324707,0.69988158,0.098885938,2.732092784
France,Paris,no,32631,Totem Cours la Reine,2022,35,48.86462,2.31444,40242,22683.357,17558.643,308305944,190397.11,150155.11,24,43,3.583333333,6984.322,162.426093,3.458333333,24,4492.203,29,154.9035517,1.001303747,14,9,30,0,10,18,52,5,7,9,0,0,10,1131.182544,0.20396891,0.28493836,35.30275229,8.927336214,19.72964002,1.007844119,1178.966309,0.959460185,0.027040358,2.086088343
France,Paris,no,32631,Face au 48 quai de la marne,2022,35,48.89172,2.38531,46886,38318.75,8567.25,73397772.56,222597.58,175711.58,32,48,3,5277.314,109.9440417,3.34375,32,4805.392,46,104.4650435,1.02323194,23,8,30,53,37,53,28,8,0,7,0,1,0,2412.811729,0.194060439,0.186071714,55.25581395,3.03692794,19.42683503,0.978188465,3813.550537,0.779291189,0.054149281,2.931723358
France,Paris,no,32631,Quai d'Orsay,2022,35,48.8629,2.3118,47524,28969.738,18554.262,344260638.4,199377.1,151853.1,34,59,3.470588235,8551.195,144.9355085,3.470588235,33,6288.142,44,142.9123182,1.000134771,16,16,30,44,0,24,58,9,9,8,0,1,16,1881.448931,0.189680645,0.2738598,34.29493088,6.10926788,20.22514716,1.054731319,1562.462158,0.765779879,0.022220648,1.975043595
France,Paris,no,32631,10 avenue de la Grande Armée ,2022,35,48.8748,2.2924,5597,25495.525,-19898.525,395951297.2,209444.86,203847.86,62,106,3.419354839,9432.393,88.98483962,3.080645161,58,7141.96,80,89.2745,1.013977752,40,14,30,54,1,24,21,12,10,33,6,12,15,1572.788107,0.152284495,0.155840662,65.07798165,4.863114451,21.56031169,0.418850187,3296.981445,0.763153663,0.072886038,3.369467595
France,Paris,no,32631,102 boulevard de Magenta,2022,35,48.87769,2.35475,38110,29969.82,8140.18,66262530.43,196473.88,158363.88,48,78,3.25,6875.596,88.14866667,3.125,43,5590.073,63,88.73131746,1.018985167,27,14,30,0,13,37,23,47,16,85,13,31,10,2312.140144,0.075389541,0.112997005,58.61926606,4.869583127,21.35399495,0.396752733,3903.990234,0.458905781,0.10028133,3.044307342
France,Paris,no,32631,152 boulevard du Montparnasse,2022,35,48.84017,2.33438,17790,32323.662,-14533.662,211227331.1,215597.3,197807.3,46,83,3.608695652,7235.813,87.17846988,3.391304348,46,6149.723,68,90.43710294,1.005116287,30,14,30,54,1,0,53,26,11,24,7,8,12,1585.714905,0.228782362,0.203802043,62.62100457,3.127097199,21.24937571,0.407258444,1920.772339,0.896954431,0.072335525,3.155150685
France,Paris,no,32631,28 boulevard Diderot,2022,35,48.84613,2.37559,11940,59738.29,-47798.29,2284676527,201042.94,189102.94,54,87,3.222222222,7799.041,89.64414943,3.277777778,52,6830.791,76,89.87882895,1.018802185,35,15,30,19,13,0,0,34,8,61,12,25,22,3522.508822,0.117014008,0.139683247,41.65454545,2.667775252,22.28619496,0.624875395,2770.865234,0.711192144,0.091631794,3.139057832
France,Paris,no,32631,Face 104 rue d'Aubervilliers ,2022,35,48.890457,2.368852,16961,19268.814,-2307.814,5326005.459,176079,159118,11,13,2.363636364,2767.467,212.8820769,3.454545455,11,2560.683,12,213.39025,1.014835191,7,3,30,56,12,36,50,11,3,3,1,1,7,1457.997409,0.200135916,0.167412882,52.56621005,4.026050987,21.44669485,1.465794523,4273.244141,0.612985881,0.061208897,2.441302638
France,Paris,no,32631,Face au 4 avenue de la porte,2022,35,48.86485,2.40966,14779,61382.85,-46603.85,2171918835,206696.66,191917.66,66,106,3.212121212,10492.596,98.98675472,3.075757576,63,8072.471,84,96.10084524,1.110175848,52,11,30,50,49,38,51,18,8,3,3,3,15,2563.489898,0.325398368,0.17365121,85.6559633,6.466993561,20.92750143,0.791399712,3425.800049,0.836273186,0.039025942,3.372996943
France,Paris,no,32631,Face au 40 quai D'Issy,2022,35,48.83428,2.26526,5191,13967.281,-8776.281,77023108.19,170609.88,165418.88,37,55,2.972972973,9920.974,180.3813455,3.108108108,36,8229.081,47,175.0868298,1.061526615,27,6,30,30,9,21,21,5,0,1,1,0,5,1339.51785,0.099183422,0.220056747,31.47945205,4.090671833,20.00283827,1.231262881,2007.67041,0.70794572,0.026246109,3.226311822
France,Paris,no,32631,Face au 8 avenue de la porte,2022,35,48.830331,2.400551,10327,26077.793,-15750.793,248087480.1,213466.16,203139.16,44,68,3.090909091,9094.177,133.7378971,3.090909091,42,7597.414,56,135.6681071,1.022175531,34,8,30,34,52,8,22,3,4,1,0,0,13,1698.156636,0.351892015,0.21029362,47.18348624,4.86263631,21.71320644,1.055230259,1430.023682,0.76514343,0.016323233,3.034386852
France,Paris,no,32631,Pont Charles De Gaulle,2022,35,48.84223,2.36811,22144,18575.45,3568.55,12734549.1,220357.28,198213.28,28,40,2.857142857,5593.662,139.84155,3.464285714,28,4657.123,35,133.0606571,1.006341343,17,9,30,39,27,41,49,24,9,6,0,0,8,1469.532721,0.055962841,0.158451873,33.77102804,4.602813226,19.91763791,1.049791012,1794.598022,0.789189875,0.04634909,2.630306692
France,Paris,no,32631,Pont de Bercy,2022,35,48.83848,2.37587,18111,23991.166,-5880.166,34576352.19,224474.05,206363.05,38,57,3,6092.575,106.8872807,3.289473684,38,5674.27,51,111.2601961,1.009861072,27,11,30,0,0,0,0,7,5,4,0,0,7,1552.57711,0.107493329,0.211287351,39.3411215,6.691499047,20.43670597,1.855293943,1971.113525,0.723437603,0.045289792,2.528413285
France,Paris,no,32631,Pont des Invalides,2022,35,48.86279,2.31055,7492,27542.992,-20050.992,402042280.2,38,,64,3.368421053,8339.046,130.2975937,3.342105263,35,6361.221,49,129.8208367,1.000174598,17,17,30,0,0,0,0,10,5,9,0,1,10,1986.969211,0.173072484,0.268616716,35.69724771,6.728011535,20.06967863,1.206910682,1558.603027,0.762959798,0.025886373,2.017086433,
Canada,Vancouver,no,32610,Burrard at Cornwall,2021,38,49.272496,-123.145422,30946,29915.967,1030.033,1060967.981,31,,70,4.516129032,8868.869,126.6981286,3.096774194,29,4762.637,40,119.065925,1.00447686,16,10,50,99,68,68,68,4,2,11,0,2,3,2632.97102,0.330222384,0.230254459,11.82407407,2.860421828,22.20095938,1.502573701,320.5770264,0.812153527,0.052041038,2.175076399,
Canada,Vancouver,no,32610,Canada Line Bridge at West Kent,2021,38,49.205541,-123.117561,5527,9026.426,-3499.426,12245982.33,11,,20,3.636363636,5124.448,256.2224,2.909090909,9,2562.224,10,256.2224,1.011251606,6,3,50,93,110,93,93,0,0,0,0,0,0,1023.096453,0.123733357,0.217477805,3.843317972,2.580208982,22.92873119,3.697016337,110.0755005,0.788953919,0.031841151,1.973001406,
Canada,Vancouver,no,32610,Comox at Thurlow,2021,38,49.281793,-123.129107,5071,4079.9907,991.0093,982099.4327,28,,56,4,8773.627,156.6719107,3.607142857,28,5439.078,36,151.0855,1.029267352,11,17,50,62,0,0,62,34,5,22,2,5,7,548.5849617,0.315605977,0.199988626,45.36818182,4.274223626,21.92152211,1.397842397,2238.17749,0.708078339,0.070552555,2.06766274,
Canada,Vancouver,no,32610,Dunsmuir Viaduct,2021,38,49.277213,-123.105185,9751,58226.06,-48475.06,2349831442,33,,57,3.454545455,9355.524,164.132,3.454545455,32,7152.977,41,174.4628537,1.015646371,15,17,50,41,74,113,74,5,4,0,0,0,6,2892.918394,0.217006817,0.186975958,5.342465753,5.710406693,22.62198113,2.21601858,537.1482544,0.80262094,0.013137212,2.987369424,
Canada,Vancouver,no,32610,East 10th at Clark,2021,38,49.261428,-123.077479,12533,4082.7444,8450.2556,71406819.71,30,,58,3.866666667,7848.477,135.318569,3.3,27,4414.224,34,129.8301176,1.009534536,12,15,50,67,111,62,62,1,8,0,0,0,8,514.8462542,0.40391117,0.205858515,29.06511628,2.359629821,22.50109693,0.754849312,1111.460571,0.841831523,0.04166097,1.610012437,
Canada,Vancouver,no,32610,Lions Gate Bridge at Spirit Trail,2021,38,49.324875,-123.130176,11076,48496.98,-37420.98,1400329744,16,,22,2.75,6985.15,317.5068182,3,15,5346.102,20,267.3051,1.119136768,14,0,0,73,68,73,0,0,3,0,0,0,0,2805.526834,0.407700506,0.254155504,10.94954128,3.514351281,19.27303881,1.288453697,152.9676666,0.822667765,0.006535271,2.804778023,
Canada,Vancouver,no,32610,Point Grey at Volunteer Park,2021,38,49.27112,-123.169391,17156,6265.6704,10890.3296,118599278.8,23,,62,5.391304348,8318.674,134.1721613,3.391304348,20,4159.337,31,134.1721613,1.020903419,5,15,30,110,93,110,93,0,2,0,0,0,2,1001.17026,0.391256641,0.240803698,11.84331797,7.163229458,19.04543491,2.130873195,486.607605,0.84763126,0.029403782,1.580235998,
Canada,Vancouver,no,32610,Seawall at Creekside Community Centre,2021,38,49.272045,-123.105502,20329,69554.75,-49225.75,2423174463,26,,58,4.461538462,5460.219,94.1417069,3.423076923,26,3495.112,36,97.08644444,1.02243987,11,10,30,71,0,67,67,12,0,5,1,2,4,1079.166895,0.165675556,0.223179229,4.21559633,4.503243975,18.69607292,2.113612471,628.173584,0.822305593,0.039554188,2.285562446,
Canada,Vancouver,no,32610,Seawall at Harbour Green Park,2021,38,49.290269,-123.121145,10313,39317.082,-29004.082,841236772.7,12,,28,4.666666667,4383.112,156.5397143,3.75,12,2360.843,15,157.3895333,1.041442579,4,7,0,29,95,95,71,4,0,4,2,3,0,677.6595022,0.178748689,0.326940754,7.134883721,9.859734506,15.52301962,2.336208711,752.5932617,0.886397041,0.029650874,1.864207051,
Canada,Vancouver,no,32610,Seawall at Science World,2021,38,49.273766,-123.102467,34535,23575.709,10959.291,120106059.2,34,,61,3.588235294,5237.987,85.86863934,3.558823529,34,4310.265,49,87.96459184,1.007071339,16,17,50,113,0,113,113,5,7,2,0,0,14,1126.180309,0.196910033,0.230130159,7.231481481,8.060657176,19.99645318,2.083602397,1329.525757,0.870744071,0.024904511,2.752526022,
Canada,Vancouver,no,32610,Stephens at Point Grey,2021,38,49.27212,-123.166385,4266,9522.811,-5256.811,27634061.89,17,,52,6.117647059,7119.202,136.9077308,3.647058824,16,3559.601,26,136.9077308,1.042433414,3,13,30,73,68,0,68,0,4,0,0,0,2,1369.220587,0.314542544,0.28942362,14.80841121,11.12107221,18.71579293,2.450259631,487.0266724,0.811099823,0.02894634,1.663106616,
Canada,Vancouver,no,32610,Union at Hawks,2021,38,49.277496,-123.087521,20370,13944.501,6425.499,41287037.4,25,,62,4.96,8874.684,143.1400645,3.12,21,4437.342,31,143.1400645,1.057380484,10,11,30,62,62,111,111,2,2,1,0,0,5,732.5488267,0.495349333,0.165588955,12.91324201,3.768017052,22.50205346,0.730649421,920.498291,0.845785539,0.040552089,1.928683521,
Ireland,Dublin,no,32629,Clontarf - James Larkin Rd,2022,38,53.369221,-6.169787,6689,1547.2457,5141.7543,26437637.28,4,,6,3,2511.822,418.637,3.25,4,1255.911,3,418.637,1.008003922,3,1,50,4,99,3,0,0,0,0,0,0,0,498.6078529,0.598504036,0.268813817,6.897196262,6.976508753,9.251505914,0.308182167,5.192973614,0.769504171,0.000125262,1.791759469,
Ireland,Dublin,no,32629,Clontarf - Pebble Beach Carpark,2022,38,53.358271,-6.19117,8880,54709.02,-45829.02,2100299074,26,,51,3.923076923,5388.016,105.6473725,2.576923077,20,2780.447,27,102.9795185,1.074461035,19,1,30,119,89,121,121,0,4,1,1,0,0,511.2792906,0.132901917,0.391495417,2.191780822,2.172834781,10.42446022,1.495330688,200.5912476,0.778148036,0.02129941,2.943382924,
Ireland,Dublin,no,32629,Drumcondra Cyclists 1,2022,38,53.363018,-6.258315,2210,20771.828,-18561.828,344541458.7,62,,139,4.483870968,10381.737,74.6887554,2.838709677,52,5687.431,77,73.86274026,1.014157128,42,10,30,0,0,143,107,6,10,13,2,5,3,547.6844743,0.344101923,0.180348153,13.31363636,3.200397057,11.73350719,0.538725648,968.4827271,0.756723762,0.047475414,2.707725354,
Ireland,Dublin,no,32629,Griffith Avenue (Clare Rd Side),2022,38,53.376669,-6.254281,1495,4944.1675,-3449.1675,11896756.44,26,,56,4.307692308,7928.162,141.5743214,2.615384615,20,3964.081,28,141.5743214,1.060234037,18,2,30,0,0,121,0,0,5,1,0,0,0,499.6783263,0.544682777,0.201182679,30.25454545,3.23598057,11.84485307,0.440797051,353.015686,0.94426629,0.031686328,2.427911702,
Ireland,Dublin,no,32629,Grove Road Totem,2022,38,53.329602,-6.271611,21537,13091.19,8445.81,71331706.56,59,,139,4.711864407,10299.189,74.09488489,2.915254237,51,5590.741,72,77.64918056,1.013017422,40,11,30,0,92,106,106,2,0,4,0,0,0,500.3498635,0.304853198,0.170889223,21.74193548,1.945748511,13.45551578,0.502045286,856.8223877,0.685607376,0.04427105,2.933315722,
Ireland,Dublin,no,32629,Richmond Street Cyclists 1,2022,38,53.330348,-6.264334,9123,15769.743,-6646.743,44179192.51,59,,127,4.305084746,10637.413,83.75915748,2.762711864,48,5943.653,70,84.90932857,1.035126154,40,8,30,80,0,6,106,6,6,16,5,4,3,1104.360208,0.223960503,0.156430621,20.52968037,2.052459353,12.18032962,0.615046535,1098.955322,0.559790202,0.044039677,3.150323867,
Ireland,Dublin,no,32629,Richmond Street Cyclists 2 ,2022,38,53.332285,-6.264765,10808,11227.557,-419.557,176028.0762,54,,116,4.296296296,9122.029,78.63818103,3,50,5404.269,69,78.32273913,1.031407844,42,8,30,117,106,120,136,14,11,38,5,6,12,347.7608606,0.187838094,0.153185143,19.63013699,1.806938802,12.83575913,0.892022705,1024.408813,0.514701768,0.057362893,2.812165851,
,,,,,,,,,,,-8681.127618,18094119310,,,,,,,,,,,,,,,,,,,,,,,,,,,,,,,,,,,,,
,,,,,,,,,,,,452352982.8,,,,,,,,,,,,,,,,,,,,,,,,,,,,,,,,,,,,,
,,,,,,,,,,,,21268.59146,,,,,,,,,,,,,,,,,,,,,,,,,,,,,,,,,,,,,